{
    "sigmoid-d3-s1-r1_-L0.4_-N0_-WA": {
        "label": {
            "Accuracy": 0.04234357507152631,
            "Precision": 0.008468715014305262,
            "Recall": 0.2,
            "F1-Score": 0.016249373463493807
        },
        "root": {
            "Accuracy": 0.1262443438914027,
            "Precision": 0.02524886877828054,
            "Recall": 0.2,
            "F1-Score": 0.0448372840498192
        }
    },
    "polynomial-d3-s1-r1_-L0.4_-N0_-WA": {
        "label": {
            "Accuracy": 0.04234357507152631,
            "Precision": 0.008468715014305262,
            "Recall": 0.2,
            "F1-Score": 0.016249373463493807
        },
        "root": {
            "Accuracy": 0.1262443438914027,
            "Precision": 0.02524886877828054,
            "Recall": 0.2,
            "F1-Score": 0.0448372840498192
        }
    },
    "radial-g1_-L0.4_-N0_-WA": {
        "label": {
            "Accuracy": 0.04234357507152631,
            "Precision": 0.008468715014305262,
            "Recall": 0.2,
            "F1-Score": 0.016249373463493807
        },
        "root": {
            "Accuracy": 0.1262443438914027,
            "Precision": 0.02524886877828054,
            "Recall": 0.2,
            "F1-Score": 0.0448372840498192
        }
    },
    "combinationoftreeforests_-L0.2_-N1_-WA": {
        "label": {
            "Accuracy": 0.29501181739022264,
            "Precision": 0.3149597072711588,
            "Recall": 0.36049631352634925,
            "F1-Score": 0.2883605391125782
        },
        "root": {
            "Accuracy": 0.416289592760181,
            "Precision": 0.39419073710758806,
            "Recall": 0.3837096947072457,
            "F1-Score": 0.380050460185101
        }
    },
    "combinationoftreeforests_-L0.3_-N1_-WA": {
        "label": {
            "Accuracy": 0.2955342704316457,
            "Precision": 0.3162542636121623,
            "Recall": 0.3618514259154271,
            "F1-Score": 0.289504286548789
        },
        "root": {
            "Accuracy": 0.41809954751131223,
            "Precision": 0.3969164788407341,
            "Recall": 0.38622209382573464,
            "F1-Score": 0.38282875386281556
        }
    },
    "combinationoftreeforests_-L0.2_-N0_-WA": {
        "label": {
            "Accuracy": 0.3228511008831944,
            "Precision": 0.3264042525014941,
            "Recall": 0.36581166007650967,
            "F1-Score": 0.31125327837509026
        },
        "root": {
            "Accuracy": 0.41266968325791853,
            "Precision": 0.39339167128309294,
            "Recall": 0.3806261564777858,
            "F1-Score": 0.37729273387626194
        }
    },
    "combinationoftreeforests_-L0.35_-N1_-WA": {
        "label": {
            "Accuracy": 0.2955342704316457,
            "Precision": 0.3168364174586765,
            "Recall": 0.3618133144454315,
            "F1-Score": 0.28944686821127813
        },
        "root": {
            "Accuracy": 0.4176470588235294,
            "Precision": 0.39581512504224625,
            "Recall": 0.38510435783565494,
            "F1-Score": 0.38141251641390694
        }
    },
    "combinationoftreeforests_-L0.3_-N0_-WA": {
        "label": {
            "Accuracy": 0.32322428162706807,
            "Precision": 0.32644773442686337,
            "Recall": 0.36603936559596223,
            "F1-Score": 0.31156531285479966
        },
        "root": {
            "Accuracy": 0.4113122171945701,
            "Precision": 0.3917894751346013,
            "Recall": 0.37988099623986316,
            "F1-Score": 0.37657461526982533
        }
    },
    "combinationoftreeforests_-L0.35_-N0_-WA": {
        "label": {
            "Accuracy": 0.3243438238586889,
            "Precision": 0.32722773681868544,
            "Recall": 0.3667549567547747,
            "F1-Score": 0.3125380094740451
        },
        "root": {
            "Accuracy": 0.4099547511312217,
            "Precision": 0.39009394580638573,
            "Recall": 0.37842314255925447,
            "F1-Score": 0.37491614451901734
        }
    },
    "combinationoftreeforests_-L0.4_-N0_-WA": {
        "label": {
            "Accuracy": 0.3246423684537878,
            "Precision": 0.3274718827092506,
            "Recall": 0.36703235471992207,
            "F1-Score": 0.3127883249156732
        },
        "root": {
            "Accuracy": 0.4122171945701357,
            "Precision": 0.39212749568640326,
            "Recall": 0.38029731502694447,
            "F1-Score": 0.3767389989857257
        }
    },
    "combinationoftreeforests_-L0.4_-N1_-WA": {
        "label": {
            "Accuracy": 0.29583281502674463,
            "Precision": 0.3170118289425349,
            "Recall": 0.3610242393568105,
            "F1-Score": 0.28914205929478615
        },
        "root": {
            "Accuracy": 0.4171945701357466,
            "Precision": 0.3958123314370196,
            "Recall": 0.38469671549339146,
            "F1-Score": 0.3811171204063041
        }
    },
    "combinationoftreeforests_-L0.45_-N0_-WA": {
        "label": {
            "Accuracy": 0.3246423684537878,
            "Precision": 0.32703418336809964,
            "Recall": 0.36637368090497635,
            "F1-Score": 0.3125008654320153
        },
        "root": {
            "Accuracy": 0.4122171945701357,
            "Precision": 0.39194997045744984,
            "Recall": 0.38002293087910405,
            "F1-Score": 0.3764832794614631
        }
    },
    "combinationoftreeforests_-L0.45_-N1_-WA": {
        "label": {
            "Accuracy": 0.29488742380893146,
            "Precision": 0.3163728920055576,
            "Recall": 0.35997758381544626,
            "F1-Score": 0.2883427229366628
        },
        "root": {
            "Accuracy": 0.4158371040723982,
            "Precision": 0.39485590908632734,
            "Recall": 0.38371595302127853,
            "F1-Score": 0.38023531568187574
        }
    },
    "combinationoftreeforests_-L0.5_-N1_-WA": {
        "label": {
            "Accuracy": 0.29528548326906334,
            "Precision": 0.3168052185868891,
            "Recall": 0.3601870346468039,
            "F1-Score": 0.2889064651810894
        },
        "root": {
            "Accuracy": 0.41312217194570133,
            "Precision": 0.39162708718094125,
            "Recall": 0.380563280695123,
            "F1-Score": 0.37688649936885815
        }
    },
    "combinationoftreeforests_-L0.5_-N0_-WA": {
        "label": {
            "Accuracy": 0.32551312352282624,
            "Precision": 0.3276034018304688,
            "Recall": 0.3667495634607172,
            "F1-Score": 0.3132563492832031
        },
        "root": {
            "Accuracy": 0.41266968325791853,
            "Precision": 0.39301819391823833,
            "Recall": 0.38068947188968955,
            "F1-Score": 0.3774168470047891
        }
    }
}