{
    "radial-g1_-L0.4_-N0_-WA": {
        "label": {
            "Accuracy": 0.04234357507152631,
            "Precision": 0.008468715014305262,
            "Recall": 0.2,
            "F1-Score": 0.016249373463493807
        },
        "root": {
            "Accuracy": 0.1262443438914027,
            "Precision": 0.02524886877828054,
            "Recall": 0.2,
            "F1-Score": 0.0448372840498192
        }
    },
    "polynomial-d3-s1-r1_-L0.4_-N0_-WA": {
        "label": {
            "Accuracy": 0.04234357507152631,
            "Precision": 0.008468715014305262,
            "Recall": 0.2,
            "F1-Score": 0.016249373463493807
        },
        "root": {
            "Accuracy": 0.1262443438914027,
            "Precision": 0.02524886877828054,
            "Recall": 0.2,
            "F1-Score": 0.0448372840498192
        }
    },
    "sigmoid-d3-s1-r1_-L0.4_-N0_-WA": {
        "label": {
            "Accuracy": 0.04234357507152631,
            "Precision": 0.008468715014305262,
            "Recall": 0.2,
            "F1-Score": 0.016249373463493807
        },
        "root": {
            "Accuracy": 0.1262443438914027,
            "Precision": 0.02524886877828054,
            "Recall": 0.2,
            "F1-Score": 0.0448372840498192
        }
    },
    "combinationoftreeforests_-L0.2_-N1_-WA": {
        "label": {
            "Accuracy": 0.3829829580793631,
            "Precision": 0.4192147921034753,
            "Recall": 0.5472434477237251,
            "F1-Score": 0.3812672934849279
        },
        "root": {
            "Accuracy": 0.5375565610859728,
            "Precision": 0.5341921772941949,
            "Recall": 0.4926278218519897,
            "F1-Score": 0.4899546741447162
        }
    },
    "combinationoftreeforests_-L0.3_-N1_-WA": {
        "label": {
            "Accuracy": 0.38482398308247295,
            "Precision": 0.4231663888298673,
            "Recall": 0.546939819100797,
            "F1-Score": 0.38457307246504685
        },
        "root": {
            "Accuracy": 0.5429864253393665,
            "Precision": 0.5411110782802471,
            "Recall": 0.49731864458637587,
            "F1-Score": 0.4951827810045456
        }
    },
    "combinationoftreeforests_-L0.35_-N1_-WA": {
        "label": {
            "Accuracy": 0.3857196168677696,
            "Precision": 0.4251066582516196,
            "Recall": 0.5475825485519403,
            "F1-Score": 0.3867166710718386
        },
        "root": {
            "Accuracy": 0.5407239819004525,
            "Precision": 0.5380897843357226,
            "Recall": 0.4955360338350524,
            "F1-Score": 0.49415097641436256
        }
    },
    "combinationoftreeforests_-L0.2_-N0_-WA": {
        "label": {
            "Accuracy": 0.37599203881079735,
            "Precision": 0.46716424727270106,
            "Recall": 0.545629191744683,
            "F1-Score": 0.41897695377070576
        },
        "root": {
            "Accuracy": 0.5461538461538461,
            "Precision": 0.5436003622367285,
            "Recall": 0.5033318685694287,
            "F1-Score": 0.5018619139688119
        }
    },
    "combinationoftreeforests_-L0.3_-N0_-WA": {
        "label": {
            "Accuracy": 0.37581788779698966,
            "Precision": 0.4630695123293613,
            "Recall": 0.5460249249317687,
            "F1-Score": 0.41647578511880895
        },
        "root": {
            "Accuracy": 0.5466063348416289,
            "Precision": 0.541601039903829,
            "Recall": 0.5036130049475892,
            "F1-Score": 0.502446989163845
        }
    },
    "combinationoftreeforests_-L0.35_-N0_-WA": {
        "label": {
            "Accuracy": 0.37564373678318197,
            "Precision": 0.46050256208304974,
            "Recall": 0.5456380870218686,
            "F1-Score": 0.4151245623695413
        },
        "root": {
            "Accuracy": 0.5475113122171946,
            "Precision": 0.5403006605574212,
            "Recall": 0.5039415996842176,
            "F1-Score": 0.5029928346782564
        }
    },
    "combinationoftreeforests_-L0.4_-N0_-WA": {
        "label": {
            "Accuracy": 0.3763154621221545,
            "Precision": 0.4602023639805684,
            "Recall": 0.5469850131950867,
            "F1-Score": 0.4156127466282428
        },
        "root": {
            "Accuracy": 0.548868778280543,
            "Precision": 0.5423108506603374,
            "Recall": 0.506558131434185,
            "F1-Score": 0.5069977812854607
        }
    },
    "combinationoftreeforests_-L0.4_-N1_-WA": {
        "label": {
            "Accuracy": 0.3884065182236597,
            "Precision": 0.4291539487922963,
            "Recall": 0.5492438360020013,
            "F1-Score": 0.3902877399557713
        },
        "root": {
            "Accuracy": 0.5407239819004525,
            "Precision": 0.5370211492263165,
            "Recall": 0.4954095278709493,
            "F1-Score": 0.4940809836324102
        }
    },
    "combinationoftreeforests_-L0.45_-N1_-WA": {
        "label": {
            "Accuracy": 0.3919144172160717,
            "Precision": 0.4326175411080819,
            "Recall": 0.5517171589859091,
            "F1-Score": 0.3939762692227144
        },
        "root": {
            "Accuracy": 0.5416289592760181,
            "Precision": 0.538401485021482,
            "Recall": 0.4969994594862401,
            "F1-Score": 0.4967329028094144
        }
    },
    "combinationoftreeforests_-L0.45_-N0_-WA": {
        "label": {
            "Accuracy": 0.37780818509764896,
            "Precision": 0.46283948019616317,
            "Recall": 0.5497614150298697,
            "F1-Score": 0.41633034217241455
        },
        "root": {
            "Accuracy": 0.5524886877828055,
            "Precision": 0.5475519610643442,
            "Recall": 0.5114556125039016,
            "F1-Score": 0.5133382161674476
        }
    },
    "combinationoftreeforests_-L0.5_-N1_-WA": {
        "label": {
            "Accuracy": 0.39499937803209356,
            "Precision": 0.431550952636896,
            "Recall": 0.5551195796010482,
            "F1-Score": 0.39300299340659645
        },
        "root": {
            "Accuracy": 0.5425339366515837,
            "Precision": 0.5393842209554697,
            "Recall": 0.4974241399486026,
            "F1-Score": 0.4978396179547474
        }
    },
    "combinationoftreeforests_-L0.5_-N0_-WA": {
        "label": {
            "Accuracy": 0.3806194800348302,
            "Precision": 0.4605877526674507,
            "Recall": 0.5539585222166188,
            "F1-Score": 0.41653150093891045
        },
        "root": {
            "Accuracy": 0.5506787330316743,
            "Precision": 0.5438978268167012,
            "Recall": 0.5100058057290375,
            "F1-Score": 0.5126010339711168
        }
    }
}