{
    "radial-g1_-L0.4_-N0_-WA": {
        "label": {
            "Accuracy": 0.04234357507152631,
            "Precision": 0.008468715014305262,
            "Recall": 0.2,
            "F1-Score": 0.016249373463493807
        },
        "root": {
            "Accuracy": 0.1262443438914027,
            "Precision": 0.02524886877828054,
            "Recall": 0.2,
            "F1-Score": 0.0448372840498192
        }
    },
    "sigmoid-d3-s1-r1_-L0.4_-N0_-WA": {
        "label": {
            "Accuracy": 0.04234357507152631,
            "Precision": 0.008468715014305262,
            "Recall": 0.2,
            "F1-Score": 0.016249373463493807
        },
        "root": {
            "Accuracy": 0.1262443438914027,
            "Precision": 0.02524886877828054,
            "Recall": 0.2,
            "F1-Score": 0.0448372840498192
        }
    },
    "polynomial-d3-s1-r1_-L0.4_-N0_-WA": {
        "label": {
            "Accuracy": 0.04234357507152631,
            "Precision": 0.008468715014305262,
            "Recall": 0.2,
            "F1-Score": 0.016249373463493807
        },
        "root": {
            "Accuracy": 0.1262443438914027,
            "Precision": 0.02524886877828054,
            "Recall": 0.2,
            "F1-Score": 0.0448372840498192
        }
    },
    "combinationoftreeforests_-L0.2_-N1_-WA": {
        "label": {
            "Accuracy": 0.3886055479537256,
            "Precision": 0.43364047692468766,
            "Recall": 0.555485666248132,
            "F1-Score": 0.3905189242464836
        },
        "root": {
            "Accuracy": 0.5411764705882353,
            "Precision": 0.5413977813269415,
            "Recall": 0.49443646193776647,
            "F1-Score": 0.4904446894840995
        }
    },
    "combinationoftreeforests_-L0.3_-N1_-WA": {
        "label": {
            "Accuracy": 0.3903221793755442,
            "Precision": 0.43684041732615364,
            "Recall": 0.5555708001829764,
            "F1-Score": 0.3945440155324881
        },
        "root": {
            "Accuracy": 0.5434389140271493,
            "Precision": 0.540574966974587,
            "Recall": 0.49652306587214123,
            "F1-Score": 0.4935503954381426
        }
    },
    "combinationoftreeforests_-L0.35_-N1_-WA": {
        "label": {
            "Accuracy": 0.39281005100136834,
            "Precision": 0.4417899659457955,
            "Recall": 0.5563106656024207,
            "F1-Score": 0.39859551765317647
        },
        "root": {
            "Accuracy": 0.5425339366515837,
            "Precision": 0.5397124237196705,
            "Recall": 0.4959452968732202,
            "F1-Score": 0.49399119498457456
        }
    },
    "combinationoftreeforests_-L0.2_-N0_-WA": {
        "label": {
            "Accuracy": 0.3827839283492972,
            "Precision": 0.4782808083651333,
            "Recall": 0.5529482824730851,
            "F1-Score": 0.43010496915990803
        },
        "root": {
            "Accuracy": 0.548868778280543,
            "Precision": 0.546081534803383,
            "Recall": 0.5046789597306087,
            "F1-Score": 0.5026687755549848
        }
    },
    "combinationoftreeforests_-L0.3_-N0_-WA": {
        "label": {
            "Accuracy": 0.38223659659161585,
            "Precision": 0.4685061962537901,
            "Recall": 0.5536706588032503,
            "F1-Score": 0.4267724576906355
        },
        "root": {
            "Accuracy": 0.5493212669683258,
            "Precision": 0.5449467583111025,
            "Recall": 0.5047831604174109,
            "F1-Score": 0.5037327122316242
        }
    },
    "combinationoftreeforests_-L0.35_-N0_-WA": {
        "label": {
            "Accuracy": 0.38226147530787413,
            "Precision": 0.4691574469999226,
            "Recall": 0.5552750035188144,
            "F1-Score": 0.42665488610421337
        },
        "root": {
            "Accuracy": 0.5506787330316743,
            "Precision": 0.54564237317207,
            "Recall": 0.506721942972429,
            "F1-Score": 0.5064103272919881
        }
    },
    "combinationoftreeforests_-L0.4_-N0_-WA": {
        "label": {
            "Accuracy": 0.38166438611767634,
            "Precision": 0.4679259980617484,
            "Recall": 0.5548964027103044,
            "F1-Score": 0.424893628991556
        },
        "root": {
            "Accuracy": 0.5515837104072399,
            "Precision": 0.5463467873058144,
            "Recall": 0.5083447697612545,
            "F1-Score": 0.5088090349724526
        }
    },
    "combinationoftreeforests_-L0.4_-N1_-WA": {
        "label": {
            "Accuracy": 0.3954720736410001,
            "Precision": 0.4453749595356776,
            "Recall": 0.5571435755295552,
            "F1-Score": 0.4024410672799612
        },
        "root": {
            "Accuracy": 0.5443438914027149,
            "Precision": 0.5407306924753886,
            "Recall": 0.4981871495097824,
            "F1-Score": 0.49705969106233444
        }
    },
    "combinationoftreeforests_-L0.45_-N1_-WA": {
        "label": {
            "Accuracy": 0.39868142803831325,
            "Precision": 0.4471070395913925,
            "Recall": 0.5586306985875324,
            "F1-Score": 0.4056270470901794
        },
        "root": {
            "Accuracy": 0.5452488687782805,
            "Precision": 0.5421286737444346,
            "Recall": 0.49959890756267117,
            "F1-Score": 0.49930322417064466
        }
    },
    "combinationoftreeforests_-L0.45_-N0_-WA": {
        "label": {
            "Accuracy": 0.38186341584774225,
            "Precision": 0.4654223287554838,
            "Recall": 0.5559300989008618,
            "F1-Score": 0.4241801269641644
        },
        "root": {
            "Accuracy": 0.5506787330316743,
            "Precision": 0.5440011189243815,
            "Recall": 0.5082221582674455,
            "F1-Score": 0.5096840775301137
        }
    },
    "combinationoftreeforests_-L0.5_-N1_-WA": {
        "label": {
            "Accuracy": 0.4026122652071153,
            "Precision": 0.44584274977663946,
            "Recall": 0.5630649304007914,
            "F1-Score": 0.4051324777636244
        },
        "root": {
            "Accuracy": 0.5452488687782805,
            "Precision": 0.5411876371400515,
            "Recall": 0.4991675972123586,
            "F1-Score": 0.49892303875565347
        }
    },
    "combinationoftreeforests_-L0.5_-N0_-WA": {
        "label": {
            "Accuracy": 0.38472446821744,
            "Precision": 0.47023997722716915,
            "Recall": 0.5598234308131192,
            "F1-Score": 0.42506544442692523
        },
        "root": {
            "Accuracy": 0.548868778280543,
            "Precision": 0.5404885975442888,
            "Recall": 0.5078401541890276,
            "F1-Score": 0.5098091954054723
        }
    }
}
